Category,Topic
Pre-Production,Idea brainstorming
Pre-Production,Outline adaptation
Pre-Production,Rights verification
Casting,Audition process
Casting,Actor selection
Recording,Studio setup
Recording,Acoustic treatment
Recording,Microphone selection
Voice Acting,Character analysis
Voice Acting,Emotional expression
Sound Engineering,Leveling
Sound Engineering,Noise reduction
Post-Production,Editing
Post-Production,Sound mixing
Post-Production,Mastering
Distribution,Format packaging
Distribution,Platform submission
Marketing,Social campaigns
Marketing,Podcast cross-promotion
Monetization,Subscription models
Monetization,Ad integration
Licensing & Rights,Public domain check
Licensing & Rights,Royalty management
Tools & Technology,TTS libraries
Tools & Technology,Voice cloning
AI Integration,Emotion detection
AI Integration,Voice alignment
Accessibility,Multilingual support
Accessibility,Braille output
NSFW & Adult Content,Age gating
NSFW & Adult Content,Consent logs
Cross-Media Integration,Book-to-video
Compliance & Regulations,GDPR and COPPA
Collaboration,Multi-user editing
Quality Assurance,Beta listening
User Engagement,Gamified achievements
Analytics,Listening heatmaps
